URL,Company,Title,Product_Description
www.superrare.com/,superrare,NFT Art Marketplace - Buy NFT Art,"SuperRare is the world's top NFT Art Marketplace, showcasing art from the top NFT Artists. Buy NFT Art from the World's Top NFT Artists on SuperRare, the NFT Art Marketplace. Buy & Sell NFT Art. Services: NFT Art Marketplace, The Top NFT Artists, SuperRare NFT Art."
us.questtips.com/nft,questtips,NFT Marketplace - Nft,Search & Discover Information About Creating An NFT Marketplace. Find Out All You Need To Know About Creating An NFT Marketplace. 
www.mastercard.us/crypto,mastercard,Mastercard - Simplifying NFT Purchases - MasterCard.us,N/A
us.questtips.com/nft,questtips,NFT Marketplace - Nft,Search & Discover Information About Creating An NFT Marketplace. Find Out All You Need To Know About Creating An NFT Marketplace. 
www.jamesmadison.org/,jamesmadison,Explaining NFTs - Are NFTs a Scam?,N/A
www.techinnovations.info/what_is/nft,techinnovations,NFT Explained - What is NFT? - techinnovations.info,N/A
www.adcouncil.org/,adcouncil,What Does NFT Mean? - Nonprofits & NFTs - AdCouncil.org,N/A
us.questtips.com/nft,questtips,NFT Marketplace - Nft,Search & Discover Information About Creating An NFT Marketplace. Find Out All You Need To Know About Creating An NFT Marketplace. 
www.techinnovations.info/what_is/nft,techinnovations,NFT Explained - What is NFT? - techinnovations.info,N/A
www.jamesmadison.org/,jamesmadison,Explaining NFTs - Are NFTs a Scam? - jamesmadison.org,N/A
us.questtips.com/nft,questtips,NFT Marketplace - Nft,Search & Discover Information About Creating An NFT Marketplace. Find Out All You Need To Know About Creating An NFT Marketplace. 
www.techinnovations.info/what_is/nft,techinnovations,NFT Explained - What Is the Meaning of NFT? - techinnovations.info,N/A
us.questtips.com/nft,questtips,NFT Marketplace - Nft,Search & Discover Information About Creating An NFT Marketplace. Find Out All You Need To Know About Creating An NFT Marketplace. 
www.techinnovations.info/what_is/nft,techinnovations,What is NFT? - Non Fungible Token,Find out what are the advantages of NFT and some interesting facts about it in the article. What is the meaning of non fungible token and is there a future in it? Information & facts. 
www.tdameritrade.com/,tdameritrade,What is Cryptocurrency: Crypto Trading Basics | TD Ameritrade,"TD Ameritrade Investor Education Offers Immersive Curriculum, Videos, and More. Professional Service. Retirement Planning. thinkorswim® Platforms. Innovative Trading Tools."
try.malwarebytes.com/free/malware-remover,malwarebytes,Malwarebytes - Free Download - Free Malware Check & Removal,Keep Your Computer Safe from Malware. Malwarebytes Free Download for Mac or Windows. Stop Worrying About Online threats. Try Malwarebytes Premium for Free for 14 Days.
www.antivirussoftwareguide.com/remove-malware/free-antivirus,antivirussoftwareguide,Top 10 Best Free Anti-Malware - 100% Free Anti-Malware (2022),"The Best Free Malware Removal Software. See Who Is Best Anti-Malware 2022. Protect Your Computer From Viruses & Malware. Let Us Find You The Best Anti-Malware. Trusted Reviews. Best Prices & Deals. Compare Providers. Top 10 Antivirus. Types: Anti-Malware, Anti-Spyware."
www.safetydetective.com/,safetydetective,7 Best Malware Protection 2022 - Last Updated: 5 Hours Ago,Get Malware Protection and Protect Your Most Valuable Data from Cyber Attacks and Malware. See Who Is Best Malware Protection Today & Protect Your Computer from All Types of Malware. 
www.mcafee.com/,mcafee,McAfee® Official Site - Malware Protection & Removal,Download McAfee® Instantly & Get Complete Protection For All Your Devices. Download Now! Start Your Free Trial of McAfee Total Protection For Multiple Devices. Sign Up Today. 
www.trustedantiviruscompare.com/anti-malware/free,trustedantiviruscompare,"""Top10"" Best Free Anti Malware - See Who's #1 Anti-Malware 2022","2022's Best 10 Anti-Malware Protection. Run A Free Malware Scan & Remove Malware. Compare the Best Antivirus Protection For Your Computer Today. Expert Advice. Best Antivirus of (2022) Trusted Reviews. Compare Features. Brands: Totalav, PC Protect, Scanguard."
www.antivirusguide.com/best-free/anti-malware,antivirusguide,10 Best Free Anti-Malware - 100% Free Malware Removal Tool,Compare & Find The Best Free Malware Removal Solution in 2022. Get The Best Antivirus Now. Get The Best Free Malware Cleaner For Your Devices. Compare & Find The Best Antivirus. Exclusive Promotion. Packages & Features. AntiVirus Plus. Value For The Money.
www.10bestantivirusproviders.com/,10bestantivirusproviders,10 Best Anti Malware Software - 2022's Top Malware Protection,We Compare The Best Anti Malware Software. Get 2022's Top Malware Protection Today! Find Our Top Protection Apps With Every Feature You Need At a Price That Can't Be Beaten! 100% Money Back Guarantee. Avoid Hacks & Threats. Keep Your Data Safe.
www.antivirussoftwareguide.com/remove-malware/free-antivirus,antivirussoftwareguide,Top 10 Best Free Anti-Malware - 100% Free Anti-Malware (2022),The Best Free Malware Removal Software. See Who Is Best Anti-Malware 2022. Protect Your Computer From Viruses & Malware. Let Us Find You The Best Anti-Malware.
try.malwarebytes.com/free/malware-remover,malwarebytes,Malwarebytes - Free Download - Free Malware Check & Removal,Keep Your Computer Safe from Malware. Malwarebytes Free Download for Mac or Windows. Stop Worrying About Online threats. Try Malwarebytes Premium for Free for 14 Days. Premium Protection. 500+ Million Downloads. Best For Windows. 5 Billion Malware Removed.
www.mcafee.com/,mcafee,Malware Protection & Removal - McAfee® Official Site,Download McAfee® Instantly & Get Complete Protection For All Your Devices. Download Now! Start Your Free Trial of McAfee Total Protection For Multiple Devices. Sign Up Today. 
www.trustedantiviruscompare.com/remove-malware/free,trustedantiviruscompare,Top5 Free Malware Removal 2022 - 100% Free Malware Removal,N/A
www.10bestantivirusproviders.com/,10bestantivirusproviders,10 Best Anti Malware Software - 2022's Top Antivirus Software,"Get Protection Against All Viruses, Malware, Adware & Spyware. Secure Your Devices Today! Compare 2022's Award-Winning Anti Malware & Get Yourself The Highest Level of Security!"
www.safetydetective.com/,safetydetective,7 Best Malware Protection 2022 - Recommended Anti-Malware,Get Malware Protection and Protect Your Most Valuable Data from Cyber Attacks and Malware. See Who Is Best Malware Protection Today & Protect Your Computer from All Types of Malware. 24/7 Customer Support. Top Antivirus For PC. Anti Malware. Anti-Trojans. Free Trial.
www.antivirusguide.com/best-free/anti-malware,antivirusguide,10 Best Free Anti-Malware - 100% Free Malware Removal Tool,Compare & Find The Best Free Malware Removal Solution in 2022. Get The Best Antivirus Now. Get The Best Free Malware Cleaner For Your Devices. Compare & Find The Best Antivirus. Installation & Setup. Total Protection. Packages & Features. Exclusive Promotion. AntiVirus Plus.
try.malwarebytes.com/free/malware-remover,malwarebytes,Malwarebytes - Free Download - Free Malware Check & Removal,Keep Your Computer Safe from Malware. Malwarebytes Free Download for Mac or Windows. Stop Worrying About Online threats. Try Malwarebytes Premium for Free for 14 Days.
www.antivirussoftwareguide.com/remove-malware/free-antivirus,antivirussoftwareguide,Top 10 Best Free Anti-Malware - 100% Free Anti-Malware (2022),The Best Free Malware Removal Software. See Who Is Best Anti-Malware 2022. Protect Your Computer From Viruses & Malware. Let Us Find You The Best Anti-Malware.
www.trustedantiviruscompare.com/remove-malware/free,trustedantiviruscompare,Top5 Free Malware Removal 2022 - 100% Free Malware Removal,Best 10 Free Anti-Malware Protection. Run A Free Malware Scan & Remove Malware. Compare the Best Antivirus Protection For Your Computer Today. Best Antivirus of (2022) Expert Advice.
www.10bestantivirusproviders.com/,10bestantivirusproviders,10 Best Anti Malware Software - 2022's Top Antivirus Software,"Get Protection Against All Viruses, Malware, Adware & Spyware. Secure Your Devices Today! Compare 2022's Award-Winning Anti Malware & Get Yourself The Highest Level of Security!"
www.safetydetective.com/,safetydetective,Top 7 Best Malware Protection - Last Updated: 5 Hours Ago,Get Malware Protection and Protect Your Most Valuable Data from Cyber Attacks and Malware. See Who Is Best Malware Protection Today & Protect Your Computer from All Types of Malware. 
www.antivirusguide.com/best-free/anti-malware,antivirusguide,10 Best Free Anti-Malware - 100% Free Malware Removal Tool,Compare & Find The Best Free Malware Removal Solution in 2022. Get The Best Antivirus Now. Get The Best Free Malware Cleaner For Your Devices. Compare & Find The Best Antivirus. Packages & Features. Powerful Security. Free Antivirus. Total Protection. Scanning & Detection.
www.antivirussoftwareguide.com/remove-malware/free-antivirus,antivirussoftwareguide,Top 10 Best Free Anti-Malware - 100% Free Anti-Malware (2022),"The Best Free Malware Removal Software. See Who Is Best Anti-Malware 2022. Protect Your Computer From Viruses & Malware. Let Us Find You The Best Anti-Malware. Compare Providers. Best Prices & Deals. Trusted Reviews. Types: Anti-Malware, Anti-Spyware."
try.malwarebytes.com/free/malware-remover,malwarebytes,Malwarebytes - Free Download - Free Malware Check & Removal,Keep Your Computer Safe from Malware. Malwarebytes Free Download for Mac or Windows. Stop Worrying About Online threats. Try Malwarebytes Premium for Free for 14 Days. Best For Windows. Trusted Since 2004. Premium Protection. 500+ Million Downloads.
search.yahoo.com/anti/virus,yahoo,Download Malware - The Best Free Anti-Malware,Research Download Malware Protection. Explore Trustworthy Results. Quickly And Easily Find The Information You Need. Fast Response. Unbeatable Value. Expert Friendly Service. Pay As You Go. 24/7 Customer Service. Best Sellers. Free shipping. Make Things Easy. Flexible plans.
www.trustedantiviruscompare.com/remove-malware/free,trustedantiviruscompare,Top5 Free Malware Removal 2022 - 100% Free Malware Removal,"Best 10 Free Anti-Malware Protection. Run A Free Malware Scan & Remove Malware. Compare the Best Antivirus Protection For Your Computer Today. Expert Advice. Best Antivirus of (2022) Trusted Reviews. Compare Features. Types: Virus Protection, Adware Cleaner."
www.avg.com/,avg,AVG Free Antivirus 2022 - Download Free Anti-Malware,"Stops viruses, spyware, malware and ransomware with six powerful layers of protection. Free Forever - Fast & Easy Antivirus Software. Download AVG Antivirus. Scans quickly & quietly. Protects forever. Family protection. Blocks malware & spyware. Light & easy installation."
try.malwarebytes.com/free/malware-remover,malwarebytes,Malwarebytes - Free Download - Free Malware Check & Removal,Keep Your Computer Safe from Malware. Malwarebytes Free Download for Mac or Windows. Stop Worrying About Online threats. Try Malwarebytes Premium for Free for 14 Days.
www.safetydetective.com/,safetydetective,7 Best Malware Protection 2022 - Our Best Choice for Nov. 2022,Get Malware Protection and Protect Your Most Valuable Data from Cyber Attacks and Malware. See Who Is Best Malware Protection Today & Protect Your Computer from All Types of Malware. Keep Your Identity Safe. Parental control included. Complete Protection.
www.antivirussoftwareguide.com/remove-malware/free-antivirus,antivirussoftwareguide,Top 10 Best Free Anti-Malware - 100% Free Anti-Malware (2022),The Best Free Malware Removal Software. See Who Is Best Anti-Malware 2022. Protect Your Computer From Viruses & Malware. Let Us Find You The Best Anti-Malware.
www.mcafee.com/,mcafee,Malware Protection & Removal - McAfee® Official Site,Download McAfee® Instantly & Get Complete Protection For All Your Devices. Download Now! Start Your Free Trial of McAfee Total Protection For Multiple Devices. Sign Up Today. 
www.trustedantiviruscompare.com/remove-malware/free,trustedantiviruscompare,Top5 Free Malware Removal 2022 - 100% Free Malware Removal,"Best 10 Free Anti-Malware Protection. Run A Free Malware Scan & Remove Malware. Compare the Best Antivirus Protection For Your Computer Today. Trusted Reviews. Compare Features. Expert Advice. Best Antivirus of (2022) Brands: Totalav, PC Protect, Scanguard."
www.avg.com/,avg,AVG Free Antivirus 2022 - Download Free Anti-Malware,"Stops viruses, spyware, malware and ransomware with six powerful layers of protection. Free Forever - Fast & Easy Antivirus Software. Download AVG Antivirus. Light & easy installation. Stops viruses. Install in moments. Family protection. Protects forever. Unsafe web link warnings."
www.10bestantivirusproviders.com/,10bestantivirusproviders,10 Best Anti Malware Software - 2022's Top Malware Protection,We Compare The Best Anti Malware Software. Get 2022's Top Malware Protection Today! Find Our Top Protection Apps With Every Feature You Need At a Price That Can't Be Beaten! Exclusive Deals & Offers. Keep Your Devices Secure. Keep Your Data Safe.
try.malwarebytes.com/free/malware-remover,malwarebytes,Malwarebytes.com - Block Hackers & Malware,"500+ Million Downloads. 5+ Billion Threats Stopped. Trusted Since 2004. Free Protection Against Threats to Your Identity, Files, and Computer. Best For Windows. All Computers & Devices. Premium Protection. Advanced Antivirus. 5 Billion Malware Removed."
www.antivirussoftwareguide.com/remove-malware/free-antivirus,antivirussoftwareguide,Top 10 Best Free Anti-Malware - 100% Free Anti-Malware (2022),N/A
www.mcafee.com/,mcafee,McAfee® Official Site - Malware Protection & Removal,N/A
www.trustedantiviruscompare.com/remove-malware/free,trustedantiviruscompare,Top5 Free Malware Removal 2022 - 100% Free Malware Removal,Best 10 Free Anti-Malware Protection. Run A Free Malware Scan & Remove Malware. Compare the Best Antivirus Protection For Your Computer Today. Trusted Reviews. Compare Features.
www.10bestantivirusproviders.com/,10bestantivirusproviders,10 Best Anti Malware Software - Last Updated: 2 Days Ago,"Get Protection Against All Viruses, Malware, Adware & Spyware. Secure Your Devices Today! Compare 2022's Award-Winning Anti Malware & Get Yourself The Highest Level of Security! Avoid Hacks & Threats. 24/7 Customer Service. Exclusive Deals & Offers. Keep Your Data Safe."
search.yahoo.com/anti/virus,yahoo,Download Malware - The Best Free Anti-Malware,Research Download Malware Protection. Explore Trustworthy Results. Quickly And Easily Find The Information You Need. Things You Should Know. Best Sellers. 24/7 Customer Service. Unbeatable Value. Trusted Results. Save Time and Money. Free shipping. Try It Free.
try.malwarebytes.com/free/malware-remover,malwarebytes,Malwarebytes - Free Download - Free Malware Check & Removal,Keep Your Computer Safe from Malware. Malwarebytes Free Download for Mac or Windows. Stop Worrying About Online threats. Try Malwarebytes Premium for Free for 14 Days.
www.trustedantiviruscompare.com/remove-malware/free,trustedantiviruscompare,Top5 Free Malware Removal 2022 - 100% Free Malware Removal,Best 10 Free Anti-Malware Protection. Run A Free Malware Scan & Remove Malware. Compare the Best Antivirus Protection For Your Computer Today. Best Antivirus of (2022) Expert Advice.
www.antivirussoftwareguide.com/remove-malware/free-antivirus,antivirussoftwareguide,Top 10 Best Free Anti-Malware - 100% Free Anti-Malware (2022),The Best Free Malware Removal Software. See Who Is Best Anti-Malware 2022. Protect Your Computer From Viruses & Malware. Let Us Find You The Best Anti-Malware.
www.antivirusguide.com/best-free/anti-malware,antivirusguide,10 Best Free Anti-Malware - 100% Free Malware Removal Tool,N/A
www.10bestantivirusproviders.com/,10bestantivirusproviders,10 Best Anti Malware Software - Best Deals & Exclusive Offers,"Get Protection Against All Viruses, Malware, Adware & Spyware. Secure Your Devices Today! Compare 2022's Award-Winning Anti Malware & Get Yourself The Highest Level of Security! Keep Your Devices Secure. Exclusive Deals & Offers. 24/7 Customer Service."
search.yahoo.com/anti/virus,yahoo,Download Malware - The Best Free Anti-Malware,Research Download Malware Protection. Explore Trustworthy Results. Quickly And Easily Find The Information You Need. Flexible plans. 24/7 Customer Service. Expert Friendly Service. Make Things Easy. Things You Should Know. Unbeatable Value. Trusted Results. Best Sellers.
try.malwarebytes.com/free/malware-remover,malwarebytes,Malwarebytes - Free Download - Free Malware Check & Removal,Keep Your Computer Safe from Malware. Malwarebytes Free Download for Mac or Windows. Stop Worrying About Online threats. Try Malwarebytes Premium for Free for 14 Days. Trusted Since 2004. Best For Windows. Advanced Antivirus. 5 Billion Malware Removed.
www.akamai.com/block-malware,akamai,Proactive Malware Protection - Malware Attacks Are Evolving,"Cloud Security Can Block Threats Like Malware, Ransomware and Data Exfiltration. Improve security defenses with Akamai's unique and up-to-date threat intelligence."
www.safetydetective.com/,safetydetective,Top 10 Best Malware Protection - Our Best Choice for Nov.,N/A
www.antivirussoftwareguide.com/remove-malware/free-antivirus,antivirussoftwareguide,Top 10 Best Free Anti-Malware - 100% Free Malware Removal,The Best Free Malware Removal Software. See Who Is Best Anti-Malware 2022. Protect Your Computer From Viruses & Malware. Let Us Find You The Best Anti-Malware. Trusted Reviews.
www.mcafee.com/,mcafee,McAfee® Official Site - Malware Protection & Removal,Download McAfee® Instantly & Get Complete Protection For All Your Devices. Download Now! Start Your Free Trial of McAfee Total Protection For Multiple Devices. Sign Up Today. 24/7 Customer Support. Encrypted Storage. Multi-Device Protection. Safe Web Browsing.
www.trustedantiviruscompare.com/remove-malware/free,trustedantiviruscompare,Top5 Free Malware Removal 2022 - 100% Free Malware Removal,"Best 10 Free Anti-Malware Protection. Run A Free Malware Scan & Remove Malware. Compare the Best Antivirus Protection For Your Computer Today. Trusted Reviews. Best Antivirus of (2022) Expert Advice. Compare Features. Types: Virus Protection, Adware Cleaner."
try.malwarebytes.com/free/malware-remover,malwarebytes,Malwarebytes - Free Download - Free Malware Check & Removal,Keep Your Computer Safe from Malware. Malwarebytes Free Download for Mac or Windows. Stop Worrying About Online threats. Try Malwarebytes Premium for Free for 14 Days.
www.antivirussoftwareguide.com/remove-malware/free-antivirus,antivirussoftwareguide,Top 10 Free Anti-Malware 2022 - 100% Free Malware Removal,The Best Free Malware Removal Software. See Who Is Best Anti-Malware 2022. Protect Your Computer From Viruses & Malware. Let Us Find You The Best Anti-Malware. Compare Providers. Best Prices & Deals. Top 10 Antivirus. Trusted Reviews.
www.trustedantiviruscompare.com/remove-malware/free,trustedantiviruscompare,Top5 Free Malware Removal 2022 - 100% Free Malware Removal,Best 10 Free Anti-Malware Protection. Run A Free Malware Scan & Remove Malware. Compare the Best Antivirus Protection For Your Computer Today. Expert Advice. Best Antivirus of (2022).
search.yahoo.com/anti/virus,yahoo,Download Malware - The Best Free Anti-Malware - yahoo.com,N/A
www.safetydetective.com/,safetydetective,7 Best Malware Protection 2022 - Best Anti-Malware 2022‎,Get Malware Protection and Protect Your Most Valuable Data from Cyber Attacks and Malware. See Who Is Best Malware Protection Today & Protect Your Computer from All Types of Malware. Top Antivirus For PC. Block Phishing Websites. Protect All Your Devices.
www.10bestantivirusproviders.com/,10bestantivirusproviders,10 Best Anti Malware Software - 2022's Top Malware Protection,We Compare The Best Anti Malware Software. Get 2022's Top Malware Protection Today! Find Our Top Protection Apps With Every Feature You Need At a Price That Can't Be Beaten! 100% Money Back Guarantee. 24/7 Customer Service. Avoid Hacks & Threats. Keep Your Data Safe.
www.antivirusguide.com/best-free/anti-malware,antivirusguide,10 Best Free Anti-Malware - 100% Free Malware Removal Tool,Compare & Find The Best Free Malware Removal Solution in 2022. Get The Best Antivirus Now. Get The Best Free Malware Cleaner For Your Devices. Compare & Find The Best Antivirus. Scanning & Detection. Total Protection. Trusted Reviews. Powerful Security. AntiVirus Plus.
try.malwarebytes.com/free/malware-remover,malwarebytes,Malwarebytes - Free Download - Free Malware Check & Removal,Keep Your Computer Safe from Malware. Malwarebytes Free Download for Mac or Windows. Stop Worrying About Online threats. Try Malwarebytes Premium for Free for 14 Days.
www.trustedantiviruscompare.com/remove-malware/free,trustedantiviruscompare,Top5 Free Malware Removal 2022 - 100% Free Malware Removal,Best 10 Free Anti-Malware Protection. Run A Free Malware Scan & Remove Malware. Compare the Best Antivirus Protection For Your Computer Today. Expert Advice. Trusted Reviews.
www.antivirussoftwareguide.com/remove-malware/free-antivirus,antivirussoftwareguide,Top 10 Best Free Anti-Malware - 100% Free Anti-Malware (2022),The Best Free Malware Removal Software. See Who Is Best Anti-Malware 2022. Protect Your Computer From Viruses & Malware. Let Us Find You The Best Anti-Malware.
www.10bestantivirusproviders.com/,10bestantivirusproviders,10 Best Anti Malware Software - 2022's Top Antivirus Software,"Get Protection Against All Viruses, Malware, Adware & Spyware. Secure Your Devices Today! Compare 2022's Award-Winning Anti Malware & Get Yourself The Highest Level of Security!"
search.yahoo.com/anti/virus,yahoo,Download Malware - The Best Free Anti-Malware,Research Download Malware Protection. Explore Trustworthy Results. Quickly And Easily Find The Information You Need. Save Time and Money. Make Things Easy. Try It Free. Best Sellers.
www.safetydetective.com/,safetydetective,7 Best Malware Protection 2022 - Best Anti-Malware 2022‎,Get Malware Protection and Protect Your Most Valuable Data from Cyber Attacks and Malware. See Who Is Best Malware Protection Today & Protect Your Computer from All Types of Malware. Keep Your Identity Safe. Anti Malware. 24/7 Customer Support. Antivirus Reviews.
